id_prod,price,category
1421,19.99,0
1368,5.13,0
731,17.99,0
587,4.99,1
1507,3.99,0
1163,9.99,0
463,36.99,1
2157,34.99,0
1915,16.99,0
389,18.99,0
228,225.17,2
178,51.92,1
143,9.99,1
314,9.0,1
1938,1.58,0
1232,26.65,0
2254,9.2,0
1713,13.99,0
835,6.99,0
1389,20.99,0
853,9.99,0
2131,8.99,0
259,10.99,1
1070,4.38,0
504,13.79,1
370,13.11,1
716,7.85,1
1505,14.99,0
2293,4.99,0
431,32.99,0
435,3.99,0
2120,26.97,0
532,11.32,1
1795,17.99,0
668,2.51,0
1166,18.45,0
638,30.92,1
549,33.99,1
100,72.11,2
97,11.99,0
2061,9.99,0
1619,4.99,0
707,6.99,1
457,22.99,1
1317,4.99,0
251,15.99,1
1321,15.99,0
1629,40.99,0
124,44.71,1
48,47.22,1
2288,2.06,0
498,2.64,0
796,21.15,0
1949,3.99,0
1849,12.99,0
686,1.32,0
794,22.44,0
445,3.99,0
255,32.99,1
665,32.99,1
1240,22.7,0
1530,3.24,0
570,7.16,0
2188,14.65,0
89,107.99,2
1939,17.99,0
1889,4.99,0
339,22.99,1
1142,3.42,0
2299,3.99,0
1080,2.43,0
1912,1.89,0
1247,15.99,0
225,157.99,2
1192,12.52,0
2035,17.99,0
548,37.53,0
1392,6.3,0
174,44.09,1
187,157.99,2
65,32.99,1
1446,8.09,0
46,41.31,2
2017,28.99,0
1509,4.99,0
1941,13.99,0
333,15.99,1
1984,5.7,0
1549,25.99,0
165,17.99,1
2289,17.99,0
723,10.99,1
2305,3.99,0
283,1.99,0
56,27.6,0
128,201.74,2
872,20.63,0
1635,16.99,0
356,12.14,0
107,10.99,1
298,2.74,0
2031,22.99,0
215,49.99,2
6,12.13,0
151,156.99,2
602,13.89,0
176,134.57,2
103,157.99,2
1265,32.99,0
26,6.86,0
845,17.99,0
1960,2.16,0
666,9.89,1
691,45.99,1
1595,2.99,0
14,9.41,0
687,17.99,0
172,158.17,2
482,8.98,1
568,29.76,0
381,15.99,0
39,8.99,0
1176,7.65,0
57,11.99,1
1380,7.45,0
1827,8.99,0
471,4.99,0
456,28.27,1
1069,7.99,0
2104,7.98,0
1671,3.99,0
1144,18.87,0
1370,11.3,0
1649,27.99,0
1056,2.46,0
244,3.64,1
1895,3.99,0
131,127.99,2
1480,4.15,0
932,7.1,0
1013,4.99,0
1236,19.79,0
749,3.99,0
2064,9.85,0
1423,2.99,0
1203,0.99,0
1833,5.99,0
556,2.06,0
831,4.99,0
50,20.93,1
231,33.99,1
790,10.34,0
2198,12.14,0
376,8.75,0
317,38.99,1
1923,3.99,0
183,24.99,1
264,16.07,1
2052,8.87,0
61,7.99,0
1332,33.12,0
253,17.99,0
2189,2.99,0
352,12.53,0
1102,4.63,0
166,1.83,0
77,20.99,1
284,60.39,1
2237,2.99,0
23,10.99,0
649,18.99,1
98,22.59,1
205,8.99,1
214,79.04,2
1824,10.34,0
1431,10.99,0
2291,12.99,0
447,42.99,1
279,27.99,1
1177,4.99,0
2181,27.99,0
808,27.85,0
728,4.06,1
1775,6.99,0
1016,35.06,0
501,12.99,0
2268,17.57,0
10,60.37,2
2083,6.99,0
2056,5.13,0
992,8.58,0
1504,1.68,0
1969,19.99,0
582,27.61,1
221,10.99,1
477,6.99,1
823,26.99,0
2306,23.32,0
1899,21.99,0
71,88.99,2
2151,16.99,0
1093,2.99,0
152,10.83,0
2164,4.29,0
496,70.51,1
385,25.99,1
56,13.98,1
86,10.32,0
1545,18.99,0
2276,18.95,0
512,15.74,0
1596,10.36,0
1227,4.99,0
112,17.71,0
78,167.49,2
520,13.35,1
698,18.3,1
564,62.99,1
793,9.99,0
1197,6.99,0
1772,18.48,0
374,10.71,1
1075,10.99,0
161,8.99,0
1832,7.41,0
1934,6.35,0
1694,7.65,0
678,5.78,1
715,17.99,0
1136,3.02,0
2117,6.99,0
318,17.24,1
708,23.06,1
105,7.99,0
1028,4.51,0
432,24.2,1
1546,12.86,0
1979,20.99,0
436,30.09,0
398,4.72,0
513,11.99,0
231,111.99,2
193,3.99,0
262,11.64,0
1639,6.99,0
145,103.99,2
165,71.99,2
49,28.99,1
667,29.99,1
1323,10.99,0
1808,7.75,0
306,15.55,0
1,56.99,2
2199,12.99,0
1744,11.92,0
1559,9.99,0
104,9.06,0
461,16.99,0
656,6.62,1
506,15.81,0
1315,10.99,0
1183,17.99,0
733,31.99,1
147,2.99,0
896,7.42,0
1100,3.03,0
362,11.25,1
1003,14.99,0
154,33.39,1
2256,7.2,0
2024,15.56,0
478,38.63,1
139,82.99,2
2197,2.99,0
470,5.41,1
64,4.22,0
1631,10.99,0
1148,26.77,0
131,11.99,0
1780,1.67,0
1387,10.99,0
2233,19.99,0
897,9.99,0
85,2.99,0
1804,16.95,0
2190,8.22,0
906,16.97,0
129,18.99,1
2283,8.99,0
226,65.75,2
686,24.03,1
2060,5.48,0
2267,18.99,0
1529,3.99,0
1393,11.99,0
704,31.63,1
1110,4.71,0
144,157.42,2
1209,8.99,0
1486,4.89,0
1361,3.99,0
697,4.99,1
503,26.99,1
1089,3.99,0
207,11.99,0
250,20.76,1
138,44.67,1
146,115.3,2
605,30.99,1
1444,2.08,0
272,5.6,0
475,8.99,0
1721,28.99,0
302,12.57,0
547,8.99,0
273,47.99,1
2071,21.99,0
1052,3.79,0
196,33.32,1
1333,5.99,0
1,42.99,1
87,17.99,0
1388,17.15,0
693,50.99,1
222,19.65,0
476,45.37,1
277,25.99,1
2258,5.8,0
784,3.6,0
199,22.99,1
1401,10.99,0
2249,2.99,0
847,8.99,0
1088,1.09,0
1081,11.99,0
89,32.99,1
84,14.04,1
1231,25.99,0
1009,14.99,0
2069,17.99,0
164,52.26,2
1456,27.42,0
491,4.99,1
1019,24.99,0
1724,2.82,0
116,12.88,1
2150,9.8,0
114,35.61,1
1783,25.99,0
495,21.99,1
134,8.22,0
1199,14.99,0
1733,1.99,0
607,26.99,1
446,23.92,1
1864,22.76,0
24,39.08,1
726,10.21,0
1107,2.99,0
230,57.04,2
34,72.42,2
257,22.99,1
2302,24.19,0
1363,16.99,0
852,10.81,0
433,2.99,0
1298,18.32,0
2272,7.98,0
1031,6.99,0
397,18.99,1
120,0.66,0
218,10.72,1
1022,23.57,0
1797,15.99,0
442,24.98,1
527,2.99,0
33,18.99,0
412,21.33,0
1590,18.93,0
1397,14.99,0
2148,7.32,0
127,68.99,2
1972,12.89,0
307,6.99,1
907,34.99,0
1523,20.99,0
1319,14.99,0
586,61.23,1
2246,6.3,0
2292,9.87,0
45,32.99,2
1239,37.99,0
2219,14.99,0
1608,12.24,0
158,247.22,2
571,31.99,1
372,10.59,0
1618,3.95,0
2228,13.06,0
769,24.99,0
1290,11.57,0
1862,12.13,0
258,7.67,0
2172,3.88,0
464,7.62,0
358,4.29,0
2162,3.03,0
520,14.52,0
278,22.61,0
1173,18.99,0
2300,17.99,0
326,59.11,1
1053,10.99,0
1731,14.99,0
2281,14.99,0
1932,3.27,0
410,46.87,1
219,8.99,1
1622,8.35,0
1082,15.41,0
137,83.99,2
939,18.99,0
201,86.99,2
1576,2.29,0
102,11.18,0
1593,6.99,0
1647,11.99,0
1207,16.99,0
694,19.87,1
778,2.39,0
1792,8.79,0
2204,1.62,0
0,162.03,2
1267,3.99,0
718,15.83,0
1971,16.99,0
172,26.77,1
2282,13.71,0
523,23.99,1
245,11.99,0
829,2.99,0
1111,19.99,0
1212,6.31,0
440,13.0,0
2285,16.99,0
421,30.99,1
2186,4.2,0
742,10.79,0
433,18.99,1
40,30.25,1
813,9.99,0
519,6.99,0
1124,19.41,0
192,127.39,2
911,4.99,0
2270,16.58,0
499,60.99,1
2,16.4,0
806,3.33,0
1582,24.42,0
321,13.99,0
617,17.99,0
1794,31.83,0
103,10.99,0
229,42.99,1
112,67.57,2
1798,17.34,0
1340,14.76,0
203,48.99,1
700,18.64,0
1012,32.4,0
2163,4.99,0
1668,14.62,0
8,21.57,1
118,1.98,0
2239,5.99,0
2222,3.33,0
929,15.99,0
241,21.99,1
797,4.99,0
1807,14.99,0
139,6.99,1
94,27.11,1
985,5.99,0
495,2.99,0
249,15.99,0
85,22.99,1
946,18.01,0
1777,18.99,0
54,89.43,2
1815,8.99,0
610,32.98,1
209,69.99,2
400,9.46,0
485,37.99,1
69,23.99,1
1564,11.12,0
586,4.95,0
270,31.14,1
519,51.99,1
1571,5.99,0
388,15.62,0
571,17.99,0
212,104.78,2
286,29.44,1
1374,21.0,0
774,6.66,0
876,17.35,0
461,12.99,1
126,116.98,2
1046,10.06,0
1217,24.99,0
822,35.3,0
2137,15.99,0
1883,6.99,0
1845,6.99,0
422,5.76,0
1658,5.01,0
1573,6.99,0
1172,10.71,0
41,11.99,1
1484,25.23,0
83,130.99,2
729,31.99,1
963,8.99,0
1878,2.27,0
548,13.59,1
1670,23.59,0
1407,13.99,0
1982,8.99,0
1470,19.53,0
342,49.04,1
300,6.74,1
371,33.99,1
408,10.42,0
1443,5.99,0
438,5.24,1
559,3.99,0
1202,4.83,0
2108,8.82,0
1422,11.41,0
1238,14.66,0
226,37.73,1
901,15.99,0
73,19.99,1
1468,6.08,0
1434,8.58,0
308,11.65,1
998,9.41,0
646,8.38,1
888,6.48,0
1691,14.99,0
1138,2.33,0
887,13.99,0
2196,12.34,0
967,8.99,0
67,22.99,0
229,17.99,0
266,7.98,1
285,14.99,1
93,22.99,1
1600,13.23,0
121,170.99,2
609,7.99,1
648,7.41,0
1256,11.03,0
1348,12.03,0
717,9.99,1
868,15.96,0
197,37.99,0
120,42.19,2
1174,3.52,0
343,10.99,0
136,31.72,1
877,5.99,0
502,4.9,1
1656,23.26,0
265,24.99,1
1540,18.23,0
2118,7.23,0
1872,9.42,0
448,13.79,1
986,16.22,0
23,23.99,1
629,33.99,1
482,2.93,0
1954,8.15,0
2260,1.84,0
421,16.99,0
657,6.99,0
1398,4.52,0
1161,31.99,0
1802,28.97,0
1662,4.35,0
471,31.99,1
37,48.99,2
235,37.99,1
414,12.65,0
787,7.99,0
481,44.99,1
202,67.57,2
248,7.91,0
113,16.99,0
419,39.99,1
1988,9.86,0
444,10.17,0
748,27.27,0
2097,1.99,0
724,16.94,1
36,12.57,0
811,3.99,0
536,11.21,1
351,28.99,1
1637,4.99,0
27,73.99,2
502,3.13,0
2158,11.25,0
127,7.99,0
454,32.12,1
1978,23.81,0
681,6.99,1
936,1.69,0
133,109.99,2
289,36.99,0
635,26.99,1
671,31.99,1
1508,8.03,0
1412,11.73,0
2059,12.99,0
979,14.99,0
775,18.99,0
1687,18.99,0
1310,2.21,0
711,39.99,1
654,38.91,1
1293,11.99,0
1182,19.88,0
511,20.99,0
380,8.93,1
487,40.99,1
1672,18.25,0
396,18.6,1
1623,7.99,0
2263,32.99,0
183,77.99,2
1871,1.99,0
283,14.99,1
537,14.99,1
11,13.99,0
719,41.99,1
34,27.77,1
1194,20.92,0
343,27.99,1
1611,11.99,0
1123,12.99,0
1684,17.81,0
179,15.99,1
115,32.99,1
18,25.49,0
2124,10.29,0
2077,3.99,0
136,13.49,0
991,19.99,0
100,20.6,0
760,15.63,0
1178,10.13,0
629,11.99,0
1010,1.96,0
849,15.99,0
303,13.99,1
2026,5.56,0
2224,17.19,0
850,14.77,0
1004,8.07,0
1902,2.28,0
594,4.58,1
1461,11.99,0
1943,13.99,0
1739,22.99,0
190,14.53,1
1307,18.99,0
690,9.98,1
544,17.84,0
1636,9.45,0
1149,5.99,0
271,10.99,0
2138,0.93,0
90,12.04,0
2074,8.88,0
816,6.91,0
1068,22.13,0
2128,3.64,0
916,12.65,0
639,4.99,0
324,31.97,1
61,18.99,1
145,28.99,0
152,11.06,1
1338,9.28,0
1400,5.15,0
486,6.38,0
1251,21.99,0
1659,9.99,0
31,131.99,2
2277,10.99,0
98,13.17,0
94,145.45,2
803,16.99,0
844,12.59,0
69,130.99,2
44,3.96,0
1916,4.05,0
2030,13.4,0
2019,7.99,0
1360,4.33,0
1836,6.56,0
593,20.99,1
360,34.35,1
660,22.23,1
223,175.99,2
569,11.99,0
2098,14.37,0
28,27.76,0
148,3.17,0
76,254.44,2
1933,15.99,0
1320,12.08,0
1145,6.99,0
1689,2.99,0
826,6.89,0
219,13.99,0
407,15.99,0
727,12.99,0
1365,2.99,0
875,21.99,0
396,7.67,0
1062,20.08,0
451,7.99,0
1140,3.73,0
1462,31.67,0
403,17.99,1
899,19.99,0
315,66.99,1
99,21.99,1
122,35.93,1
321,9.99,1
1594,3.33,0
110,29.04,0
188,73.72,2
1334,17.74,0
1641,14.99,0
955,7.99,0
1548,9.66,0
118,96.56,2
2143,24.99,0
126,9.19,0
953,26.99,0
1516,11.43,0
619,12.99,1
675,19.99,0
450,31.64,1
213,19.99,1
128,48.63,1
480,19.08,1
1626,14.02,0
309,7.99,1
81,86.99,2
691,5.99,0
1603,8.99,0
107,33.99,2
308,18.25,0
196,11.52,0
713,1.99,0
1834,15.14,0
1252,4.31,0
260,1.73,0
2043,13.99,0
2247,2.99,0
1269,2.99,0
82,31.81,1
1083,16.99,0
2014,21.23,0
281,23.99,1
97,23.99,1
1652,10.7,0
40,228.11,2
9,31.99,0
1526,6.62,0
2066,14.7,0
1768,8.92,0
680,7.43,0
147,181.99,2
1987,6.99,0
1119,2.99,0
1155,2.99,0
1230,12.83,0
468,17.75,1
873,2.99,0
587,1.99,0
463,21.99,0
2166,0.97,0
333,3.99,0
1,10.99,0
2226,21.89,0
65,8.99,0
1615,1.99,0
529,5.99,0
10,78.83,1
1578,17.79,0
2304,15.86,0
1014,1.15,0
1274,7.86,0
236,4.65,0
779,12.99,0
263,4.99,0
220,3.72,0
553,52.99,1
2103,8.99,0
644,25.79,1
155,5.99,0
783,3.99,0
766,2.16,0
1344,19.04,0
13,80.99,1
630,11.32,0
1646,14.85,0
754,5.1,0
8,73.18,2
324,1.18,0
604,36.42,1
1528,11.38,0
1005,20.99,0
616,29.02,1
135,12.99,0
35,45.99,1
2235,13.99,0
201,23.99,1
1342,19.49,0
1126,11.78,0
38,3.68,0
46,5.58,0
1050,12.51,0
859,16.99,0
1436,1.32,0
706,24.66,1
0,31.82,1
17,6.99,0
180,0.97,0
379,26.99,1
2184,10.36,0
1712,7.24,0
168,57.45,1
136,103.92,2
2141,11.99,0
900,11.89,0
836,3.76,0
1522,5.16,0
264,6.44,0
1583,15.99,0
181,5.99,0
577,32.99,1
280,15.59,1
1394,15.63,0
1489,10.99,0
1837,10.99,0
2234,10.67,0
1959,3.99,0
721,5.99,0
19,4.99,0
2080,12.76,0
446,13.49,0
968,3.06,0
591,39.99,1
282,23.2,1
95,9.99,0
182,106.52,2
302,34.97,1
1975,7.99,0
679,79.99,1
82,9.98,0
710,3.72,0
670,29.55,1
1430,16.47,0
92,9.63,0
400,16.6,1
926,8.1,0
585,9.99,0
1205,10.99,0
1685,9.99,0
496,11.02,0
1106,14.27,0
2092,14.17,0
47,36.99,2
589,13.99,0
1094,16.98,0
2047,5.99,0
820,1.32,0
2050,3.4,0
1367,11.99,0
256,27.81,0
9,54.99,2
1190,6.63,0
204,2.36,0
2297,28.99,0
16,84.29,2
1897,20.99,0
1168,11.91,0
684,8.17,0
1204,3.44,0
1193,9.99,0
1112,7.27,0
1059,18.99,0
674,40.06,1
1458,6.55,0
695,25.99,0
585,19.99,1
1947,12.99,0
53,93.99,2
1474,9.88,0
924,4.01,0
82,75.81,2
1000,6.84,0
2152,16.69,0
466,3.61,0
233,172.99,2
556,24.47,1
19,18.99,1
551,12.99,0
1114,2.08,0
1538,8.61,0
205,4.99,0
366,28.54,1
106,110.08,2
92,78.05,2
1730,5.03,0
1880,14.91,0
2079,9.99,0
7,48.99,1
2096,14.84,0
1057,19.99,0
1840,1.28,0
815,10.99,0
1187,6.99,0
1567,16.99,0
731,11.99,1
2169,0.99,0
2,300.0,2
6,26.68,1
550,13.9,0
218,15.27,0
881,18.99,0
71,34.99,1
239,13.99,1
664,47.83,1
798,6.82,0
185,43.99,2
696,37.2,1
2231,13.99,0
181,7.99,1
123,14.99,0
511,2.99,1
558,24.51,1
383,16.99,0
59,14.99,0
490,12.45,0
95,98.99,2
905,5.99,0
1693,8.99,0
162,9.82,0
5,191.99,2
593,8.99,0
409,55.99,1
1259,11.99,0
1131,17.99,0
176,12.6,0
79,55.99,2
1613,8.99,0
641,3.99,0
1881,7.99,0
68,30.95,1
247,20.99,1
533,3.99,0
4,24.21,1
1980,3.15,0
2275,0.99,0
1328,8.52,0
1550,1.21,0
1322,4.33,0
1109,29.99,0
1566,9.04,0
1329,0.99,0
2123,9.99,0
338,61.38,1
890,2.81,0
418,37.85,1
9,7.99,1
88,8.3,0
32,55.79,2
267,6.99,0
930,12.91,0
0,3.75,0
1642,14.78,0
578,11.16,0
614,10.71,0
87,58.99,1
785,3.99,0
1162,17.56,0
195,116.99,2
219,86.99,2
1437,3.99,0
150,157.63,2
2160,22.2,0
287,29.99,1
2119,9.99,0
842,3.07,0
2217,24.99,0
772,16.87,0
363,5.99,0
2206,6.14,0
372,30.12,1
1789,4.99,0
356,33.26,1
958,15.31,0
1351,8.99,0
450,11.8,0
1886,20.56,0
214,11.72,0
621,1.99,0
1376,16.24,0
664,5.13,0
1318,20.92,0
159,52.99,1
552,21.3,0
27,21.99,0
130,6.9,0
36,110.98,2
624,36.82,1
44,14.49,1
1195,6.99,0
200,18.28,0
425,16.99,1
1196,6.51,0
712,25.48,1
354,68.49,1
2038,4.39,0
950,11.34,0
1665,15.99,0
1605,6.99,0
284,14.9,0
1692,13.36,0
524,22.02,1
1667,7.99,0
1853,11.99,0
1054,8.11,0
1336,21.09,0
662,6.04,1
249,22.99,1
931,19.99,0
153,22.99,1
718,21.39,1
348,10.73,0
57,14.99,0
1108,17.45,0
1137,7.99,0
1727,10.99,0
1703,21.99,0
1822,14.92,0
832,10.85,0
137,31.99,0
190,8.01,0
1007,4.99,0
1455,8.99,0
148,64.85,2
2091,2.99,0
653,25.99,1
197,80.99,2
1419,8.99,0
513,35.99,1
944,13.38,0
470,9.61,0
61,39.99,2
81,5.99,0
1170,4.19,0
833,2.99,0
108,45.03,1
1841,17.99,0
1763,27.99,0
1281,12.99,0
507,18.99,0
2307,6.99,0
1805,1.99,0
1903,5.99,0
2106,13.94,0
218,89.54,2
516,24.24,1
867,7.99,0
555,32.99,1
2155,21.99,0
1118,3.64,0
12,57.91,2
20,83.51,2
622,17.41,1
174,5.25,0
960,10.89,0
1735,26.99,0
177,19.99,0
626,5.4,0
350,6.5,0
2229,4.99,0
515,17.99,1
551,14.99,1
564,4.15,0
1373,18.99,0
1055,7.99,0
2185,9.99,0
139,2.99,0
173,155.99,2
1609,18.99,0
2028,13.37,0
1330,10.44,0
91,20.99,1
1719,5.99,0
703,3.99,0
397,13.99,0
327,14.99,0
312,11.39,0
194,10.56,0
1210,16.44,0
2057,8.99,0
252,39.33,1
1710,4.53,0
2068,18.57,0
1325,9.99,0
1051,2.99,0
521,23.99,0
2039,6.99,0
1812,7.51,0
189,13.99,1
1800,22.05,0
1999,12.99,0
791,14.99,0
1206,4.33,0
291,16.99,0
711,4.99,0
137,12.99,1
1948,4.38,0
148,8.08,1
293,30.99,0
47,30.99,1
1366,16.65,0
763,16.99,0
154,10.6,0
851,6.99,0
2180,16.28,0
927,6.99,0
102,3.29,1
299,13.99,1
1764,1.99,0
959,9.99,0
1701,5.99,0
889,23.99,0
1473,15.99,0
592,23.68,1
155,46.99,2
1015,10.99,0
980,31.06,0
1885,6.99,0
142,17.76,1
1589,28.99,0
1141,20.99,0
1223,5.99,0
2290,8.8,0
224,4.95,1
1433,27.99,0
1485,18.99,0
287,9.99,0
507,25.99,1
425,23.99,0
1894,8.77,0
994,20.71,0
2094,29.02,0
1379,2.99,0
147,28.99,1
1262,21.71,0
211,12.99,0
976,11.8,0
1911,12.99,0
84,25.07,0
644,3.61,0
2004,10.38,0
62,22.79,1
268,6.83,0
377,6.99,0
1738,7.69,0
1842,20.26,0
1816,7.33,0
524,5.83,0
21,22.99,1
247,27.99,0
292,31.3,0
263,40.99,1
2127,12.99,0
269,4.99,0
506,13.65,1
861,11.99,0
1039,11.99,0
541,13.99,1
2115,4.99,0
1006,26.64,0
1127,5.99,0
1844,0.77,0
236,118.51,2
2182,16.09,0
173,2.99,0
1851,13.99,0
1951,5.99,0
1765,20.99,0
74,35.02,1
1858,1.83,0
1472,12.49,0
1544,37.91,0
391,49.99,1
77,21.99,0
1580,13.26,0
1188,14.94,0
546,55.89,1
2216,4.56,0
2159,22.99,0
505,25.99,0
538,27.03,1
1411,8.99,0
1219,3.99,0
573,9.99,1
192,8.61,0
891,21.99,0
1679,6.99,0
1273,8.99,0
1958,11.1,0
92,11.03,1
596,6.18,0
1228,3.55,0
685,15.99,1
149,80.99,2
2259,7.99,0
648,32.98,1
1565,7.99,0
762,6.57,0
741,1.99,0
1496,2.42,0
771,4.99,0
409,6.99,0
1120,21.84,0
632,60.87,1
462,11.13,0
1214,21.91,0
50,22.08,0
172,8.33,0
2238,19.23,0
675,8.99,1
1778,28.46,0
895,16.99,0
250,7.08,0
153,3.99,0
1465,3.99,0
1287,11.99,0
493,10.99,1
1403,15.99,0
232,104.06,2
1900,25.32,0
1384,14.44,0
638,7.72,0
7,69.99,2
224,12.51,0
453,29.99,0
1702,13.13,0
1457,11.99,0
800,6.99,0
473,2.99,1
208,14.36,0
2223,4.99,0
201,3.99,0
191,8.99,0
1998,24.2,0
211,203.99,2
1741,17.99,0
1563,3.99,0
1506,10.0,0
3,12.99,1
52,14.04,1
1936,28.82,0
1303,7.99,0
575,3.99,0
2054,10.58,0
920,37.46,0
2105,5.99,0
1129,24.99,0
973,10.99,0
237,18.99,1
186,10.64,1
951,9.99,0
1494,7.6,0
1940,18.31,0
2242,31.79,0
1655,2.99,0
1532,17.14,0
94,27.76,0
195,15.99,0
100,15.13,1
48,73.62,2
111,19.99,0
1729,14.99,0
642,37.13,1
909,18.99,0
380,2.98,0
159,145.99,2
770,9.48,0
361,5.99,1
2048,11.84,0
557,36.99,1
2037,14.99,0
545,31.99,1
230,4.05,1
157,142.99,2
698,1.44,0
1160,17.87,0
407,15.99,1
130,11.14,1
304,17.72,0
489,19.99,0
608,3.78,0
1270,6.62,0
1803,2.99,0
156,12.14,0
677,24.99,0
1021,8.99,0
840,17.07,0
127,39.99,1
516,10.1,0
563,17.99,0
133,21.99,1
1060,12.53,0
390,22.11,0
751,6.99,0
625,22.99,1
1311,18.99,0
275,41.99,1
1645,2.99,0
15,123.99,2
1828,6.95,0
721,21.99,1
178,176.2,2
694,11.35,0
1640,10.71,0
335,43.99,1
398,10.17,1
1255,10.99,0
1261,8.99,0
1074,2.44,0
1628,9.99,0
494,39.58,0
393,35.99,1
745,13.99,0
1084,22.92,0
830,11.89,0
579,23.99,1
715,62.99,1
2250,20.77,0
514,29.15,0
707,4.99,0
583,10.99,0
190,175.67,2
1151,2.99,0
1542,18.09,0
1078,6.92,0
947,5.99,0
216,35.03,1
369,10.99,0
479,62.99,1
460,7.53,1
347,21.99,1
341,3.99,0
1945,6.99,0
2215,3.99,0
459,4.99,0
663,17.99,1
880,13.28,0
1515,6.99,0
170,9.92,0
746,23.86,0
64,163.94,2
613,4.99,1
1698,14.24,0
439,5.99,0
878,12.69,0
1809,13.99,0
2227,4.99,0
323,32.99,1
2262,21.13,0
419,20.99,0
1525,6.99,0
1159,7.99,0
168,104.76,2
1164,31.23,0
2205,15.99,0
337,24.99,1
1688,7.26,0
1079,5.99,0
106,9.4,0
2046,32.34,0
1905,7.99,0
109,53.99,2
1385,11.99,0
2008,15.97,0
801,11.99,0
603,14.99,0
146,31.98,1
117,41.99,1
231,14.99,0
1976,13.4,0
384,46.95,1
601,21.99,1
328,29.24,1
3,28.99,0
62,4.44,0
1788,8.34,0
765,10.99,0
2278,26.01,0
500,5.14,0
1216,19.75,0
405,19.99,0
688,17.65,0
1627,3.99,0
11,39.99,1
341,42.99,1
1378,13.96,0
167,236.99,2
124,100.56,2
374,1.82,0
1186,12.3,0
1890,5.17,0
455,33.99,1
93,16.99,0
954,6.51,0
2156,4.63,0
1242,7.97,0
1751,25.99,0
187,26.99,1
2194,6.57,0
739,11.99,0
970,8.32,0
96,9.45,0
1728,2.27,0
489,6.99,1
1409,4.99,0
1907,9.99,0
1257,10.99,0
1985,5.99,0
705,16.99,0
1518,4.18,0
1891,5.99,0
340,6.43,0
55,6.99,0
1090,13.78,0
60,111.72,2
674,13.95,0
353,12.99,0
1044,6.59,0
2154,8.15,0
1417,17.99,0
169,18.99,0
945,22.99,0
166,15.81,1
2,7.77,1
1717,13.99,0
609,3.99,0
764,5.59,0
1158,10.18,0
627,2.99,0
1179,5.99,0
206,71.21,2
500,34.93,1
942,2.02,0
1115,6.99,0
426,19.44,1
261,7.99,0
804,19.19,0
310,14.2,1
113,50.99,1
1071,22.99,0
2067,1.99,0
1266,4.28,0
1211,2.99,0
2221,4.99,0
530,13.23,0
53,28.99,1
1048,4.42,0
661,22.99,1
984,4.41,0
595,31.99,1
1402,3.0,0
360,11.75,0
371,11.99,0
1221,2.99,0
175,60.99,2
322,2.99,0
173,15.99,1
254,47.69,1
1234,7.29,0
179,49.99,2
290,18.93,0
239,8.99,0
709,45.99,1
329,4.99,0
1067,12.99,0
1557,6.99,0
340,42.25,1
1341,9.99,0
598,14.05,1
138,19.95,0
1904,15.51,0
613,15.99,0
1011,13.99,0
2126,17.36,0
288,22.09,1
1169,9.99,0
223,5.99,0
1180,14.25,0
220,23.37,1
1756,14.67,0
1620,0.8,0
1086,1.41,0
120,64.59,1
292,8.04,1
1017,8.99,0
90,24.19,1
205,100.99,2
735,21.99,0
85,128.99,2
305,8.99,0
515,11.99,0
740,15.66,0
2130,18.24,0
1025,24.99,0
317,16.99,0
618,29.36,1
316,13.77,0
160,62.83,2
810,3.8,0
606,4.86,0
406,24.81,1
246,18.75,1
2013,9.99,0
1661,5.99,0
76,36.32,1
49,23.99,0
1746,9.02,0
1304,5.86,0
144,17.56,0
2236,16.17,0
2011,16.99,0
975,7.99,0
258,31.0,1
623,49.99,1
1058,3.69,0
243,14.99,0
2053,14.99,0
113,56.99,2
336,3.23,0
2101,20.99,0
189,142.99,2
1543,13.99,0
261,44.99,1
537,16.99,0
1073,13.99,0
1491,5.99,0
440,7.32,1
1416,9.56,0
1448,18.94,0
776,19.72,0
561,6.99,0
935,3.99,0
588,9.28,0
118,30.51,1
362,22.77,0
242,32.52,0
628,19.03,0
329,4.99,1
78,12.87,0
458,51.55,1
2212,6.75,0
452,19.72,0
2168,11.17,0
1244,2.49,0
735,22.99,1
125,3.99,0
1272,17.01,0
2006,13.11,0
150,22.42,1
510,26.93,1
581,8.99,0
318,6.01,0
1680,18.0,0
559,24.99,1
194,52.03,1
1358,16.49,0
1990,22.11,0
1488,4.6,0
25,15.99,1
1117,24.99,0
841,19.99,0
1157,18.99,0
72,9.84,1
260,17.63,1
346,39.88,1
2210,15.1,0
212,39.86,1
209,6.99,0
2218,3.27,0
743,16.99,0
584,19.82,0
882,24.75,0
465,14.99,0
701,8.99,0
2153,21.99,0
547,15.99,1
237,40.99,2
368,5.75,0
370,11.37,0
1104,13.21,0
636,52.72,1
125,30.99,1
423,1.99,0
349,2.99,0
326,16.21,0
2082,24.33,0
456,8.19,0
1105,8.99,0
1669,6.99,0
652,27.52,1
2173,9.99,0
1469,14.99,0
378,8.79,0
1848,23.11,0
149,17.99,0
579,6.99,0
1700,18.49,0
17,39.99,1
590,24.35,0
1371,21.99,0
168,9.28,0
987,23.99,0
656,7.54,0
1440,5.62,0
1316,7.2,0
1213,21.99,0
1924,12.36,0
688,18.19,1
189,12.99,0
2045,10.99,0
122,5.76,0
526,19.26,0
2122,17.76,0
1568,4.0,0
1521,17.99,0
1757,1.99,0
517,7.99,0
2146,11.14,0
1696,8.46,0
637,4.99,0
75,96.99,2
1415,34.99,0
988,31.34,0
1181,11.99,0
1292,9.8,0
213,189.99,2
1873,10.99,0
2058,5.52,0
252,20.54,0
41,2.99,0
2036,20.49,0
345,3.99,0
600,14.09,0
21,4.99,0
2252,23.92,0
342,15.51,0
1854,3.15,0
1327,2.99,0
1695,2.99,0
140,42.48,2
636,17.29,0
2076,11.39,0
344,5.07,1
363,16.99,1
1925,25.99,0
184,67.65,1
180,85.28,2
373,6.99,0
1098,31.25,0
781,10.99,0
632,20.77,0
1101,1.99,0
39,12.99,1
1887,5.99,0
1399,17.99,0
722,20.31,0
296,8.35,0
2171,4.99,0
733,9.99,0
87,220.99,2
969,11.99,0
508,8.5,0
132,15.97,0
481,4.99,0
757,9.99,0
171,79.99,2
678,4.29,0
152,34.23,2
300,6.19,0
1065,15.99,0
1913,3.99,0
56,116.67,2
965,19.99,0
539,14.99,0
799,11.99,0
2244,8.37,0
604,33.54,0
191,67.99,2
434,15.87,1
84,182.3,2
1910,10.85,0
1345,17.99,0
109,22.99,1
2284,5.69,0
617,14.99,1
677,16.99,1
639,10.99,1
337,22.99,0
2086,3.61,0
562,3.64,0
997,9.99,0
807,1.99,0
700,7.01,1
669,6.99,0
1475,11.99,0
726,10.79,1
1955,10.99,0
395,28.99,1
52,119.07,2
634,21.18,1
2110,7.04,0
565,19.99,1
355,3.99,0
978,19.11,0
1077,1.99,0
1280,11.96,0
185,33.99,1
1722,3.78,0
401,32.99,1
328,20.06,0
1638,5.46,0
267,27.99,1
858,21.29,0
2134,5.57,0
1020,9.71,0
2139,4.99,0
151,13.99,0
134,85.27,2
640,11.9,1
1852,7.67,0
289,32.99,1
108,63.36,2
1356,5.57,0
521,22.99,1
1271,1.99,0
293,22.99,1
243,42.99,1
508,21.92,1
866,8.51,0
35,139.99,2
684,11.2,1
54,18.57,0
2295,1.99,0
335,14.99,0
1771,0.99,0
453,13.99,1
334,39.35,1
611,16.99,1
2271,13.99,0
1343,21.99,0
1906,28.57,0
1264,15.97,0
86,34.77,1
416,64.62,1
399,3.99,1
714,4.14,0
595,6.99,0
216,72.01,2
18,6.43,1
325,27.99,1
643,29.99,1
1002,8.31,0
134,13.0,1
542,19.47,1
705,37.99,1
999,9.99,0
1796,4.51,0
594,4.95,0
1533,27.99,0
663,20.99,0
1953,8.99,0
1660,4.68,0
898,1.27,0
410,25.23,0
229,80.99,2
883,14.99,0
974,11.75,0
1875,4.99,0
2274,5.91,0
274,11.87,0
614,10.73,1
1617,11.99,0
834,15.77,0
2003,6.99,0
2170,24.04,0
1091,9.99,0
1030,13.73,0
311,16.99,1
996,11.64,0
31,37.99,1
1726,1.57,0
1043,10.99,0
972,15.7,0
1382,15.62,0
361,14.99,0
487,4.99,0
227,61.99,1
1353,19.99,0
2073,2.99,0
952,10.47,0
736,6.03,0
1962,6.08,0
1859,4.99,0
62,60.96,2
1888,9.78,0
245,23.99,1
213,14.99,0
523,4.99,0
1510,2.18,0
445,23.99,1
683,13.99,1
1189,17.99,0
1132,11.33,0
430,4.93,1
174,83.63,2
491,16.99,0
115,6.99,0
752,14.74,0
164,21.64,1
121,16.99,0
1001,4.99,0
1813,25.99,0
235,9.99,0
394,39.73,1
42,22.68,0
207,9.99,1
689,14.99,0
682,11.59,0
566,4.27,0
1085,3.99,0
1918,29.04,0
1839,10.99,0
441,24.99,1
1040,6.25,0
295,3.99,1
2107,5.99,0
395,9.99,0
697,9.99,0
693,7.99,0
1027,4.99,0
702,15.2,1
393,13.99,0
1286,24.2,0
568,19.35,1
1514,11.01,0
1313,13.99,0
124,20.17,0
1977,5.99,0
203,136.99,2
990,4.61,0
234,81.19,2
777,12.99,0
474,49.47,1
1354,7.02,0
202,19.96,1
1917,1.99,0
4,222.97,2
1483,4.99,0
1493,14.99,0
708,20.81,0
635,18.99,0
1175,8.99,0
627,35.99,1
1740,21.75,0
2265,2.99,0
222,103.58,2
1574,9.67,0
188,6.6,0
313,27.99,1
1560,12.12,0
1643,16.99,0
1539,0.99,0
1974,4.74,0
1427,28.99,0
224,87.4,2
1277,7.99,0
64,19.81,1
612,29.55,1
192,21.61,1
2133,3.99,0
575,6.99,1
96,7.58,1
359,6.99,0
427,20.99,0
1451,19.99,0
91,96.99,2
1810,5.96,0
2021,12.99,0
630,10.75,1
560,18.18,1
193,114.99,2
1435,13.99,0
2084,10.8,0
1200,13.9,0
863,7.99,0
197,5.99,1
956,10.34,0
493,7.99,0
1908,15.21,0
1405,4.99,0
74,120.22,2
187,1.99,0
1154,12.82,0
2202,8.12,0
304,26.64,1
722,33.3,1
72,141.32,2
652,4.03,0
1497,30.99,0
689,35.99,1
351,4.99,0
1632,9.21,0
217,61.99,1
19,69.99,2
2230,15.02,0
483,15.99,1
1278,8.96,0
676,3.86,0
1762,16.82,0
1747,3.99,0
125,231.99,2
290,32.79,1
683,11.99,0
2078,14.6,0
1706,3.19,0
1536,6.59,0
1811,4.99,0
2087,26.99,0
386,19.42,0
917,10.99,0
163,7.99,0
141,2.99,0
531,7.99,0
91,0.99,0
869,9.99,0
1857,12.99,0
854,2.21,0
2044,5.28,0
1128,2.96,0
1806,1.61,0
1869,19.99,0
2208,10.95,0
432,26.46,0
546,3.43,0
914,12.02,0
724,21.78,0
1467,4.99,0
170,14.22,1
1076,25.11,0
2211,9.99,0
1870,9.06,0
1882,15.95,0
256,26.05,1
277,29.99,0
620,25.31,0
492,9.9,0
350,20.83,1
1225,12.99,0
1113,16.99,0
25,101.99,2
366,9.02,0
1339,8.99,0
1184,4.1,0
615,23.99,1
154,96.74,2
79,24.99,0
1793,3.99,0
728,30.58,0
418,7.69,0
737,6.99,1
420,7.12,1
276,1.81,0
79,32.99,1
1996,19.48,0
408,35.24,1
403,3.99,0
280,4.09,0
378,26.61,1
1759,0.99,0
1786,19.2,0
2225,2.99,0
651,19.99,0
1562,14.73,0
938,11.79,0
29,13.99,0
212,13.82,0
387,16.99,0
885,8.99,0
1555,15.99,0
504,3.43,0
430,4.01,0
46,37.1,1
126,18.6,1
1299,6.99,0
1306,16.22,0
129,21.99,0
457,5.99,0
1664,25.72,0
1993,21.99,0
1720,8.65,0
490,57.92,1
411,32.99,1
285,13.99,0
390,8.58,1
2149,2.99,0
1024,30.11,0
2287,2.99,0
60,26.46,1
1064,4.57,0
2280,20.42,0
198,19.08,0
422,30.76,1
1966,8.06,0
912,18.31,0
989,18.99,0
30,16.24,0
406,10.57,0
1774,11.54,0
368,49.42,1
492,45.78,1
1602,20.19,0
904,11.98,0
825,11.99,0
221,13.99,0
344,16.04,0
780,2.5,0
1537,5.99,0
210,1.87,0
2161,10.99,0
918,3.41,0
451,20.99,1
1678,13.83,0
16,3.22,0
411,25.99,0
1531,6.99,0
821,12.99,0
716,26.69,0
2016,2.26,0
38,93.48,2
2251,14.99,0
1229,6.99,0
1616,13.5,0
993,10.99,0
144,45.09,1
464,15.01,1
1121,19.99,0
603,34.99,1
476,21.64,0
1258,17.94,0
855,7.99,0
485,12.99,0
347,17.99,0
573,34.99,0
540,6.59,1
222,23.17,1
1921,7.99,0
1047,6.99,0
1243,15.99,0
188,12.54,1
817,15.99,0
838,18.02,0
225,18.99,1
642,10.32,0
943,7.99,0
488,4.39,0
420,15.01,0
119,164.99,2
331,19.99,0
234,25.43,0
66,7.11,0
21,105.99,2
413,5.99,0
1950,2.5,0
1551,12.99,0
14,136.07,2
1896,10.45,0
117,7.99,0
143,34.99,0
934,5.02,0
555,18.99,0
562,40.5,1
253,14.99,1
619,7.99,0
1512,5.29,0
2140,12.47,0
600,33.08,1
1676,10.96,0
2179,7.99,0
199,136.99,2
215,5.99,0
1406,2.5,0
167,25.99,0
294,13.83,0
1309,18.99,0
228,51.71,1
161,23.99,1
2062,16.01,0
1707,16.99,0
948,6.25,0
353,26.99,1
633,16.99,0
301,8.99,0
1377,14.99,0
2032,23.32,0
1743,5.99,0
884,2.15,0
93,78.99,2
76,8.59,0
415,59.99,1
1705,22.99,0
599,10.99,0
983,12.99,0
618,3.08,0
1250,5.17,0
1821,13.99,0
73,111.99,2
43,69.99,2
1766,4.55,0
1503,15.99,0
13,7.99,0
2020,10.01,0
132,14.41,1
316,19.74,1
2175,18.99,0
90,182.3,2
499,13.99,0
81,33.99,1
828,11.36,0
1965,4.99,0
226,1.49,0
1347,5.99,0
234,18.58,1
512,35.06,1
690,4.9,0
469,5.99,1
1648,2.77,0
467,13.99,0
542,18.18,0
1725,14.99,0
178,28.36,0
497,3.99,0
399,16.99,0
244,6.71,0
314,16.67,0
1681,13.99,0
26,42.51,2
870,3.73,0
1785,8.99,0
1876,12.85,0
633,3.99,1
653,3.99,0
545,6.99,0
1866,4.84,0
13,50.99,2
1134,11.72,0
1372,1.78,0
2298,19.47,0
330,4.36,0
1135,26.99,0
206,5.43,0
417,20.99,1
2029,3.99,0
294,31.24,1
1799,9.99,0
725,8.99,1
365,13.99,1
128,18.61,0
153,139.99,2
1246,7.01,0
312,24.56,1
679,4.99,0
1782,11.13,0
1787,4.99,0
384,6.78,0
2201,20.99,0
310,1.94,0
702,4.41,0
2213,10.99,0
414,23.83,1
2192,16.87,0
1215,31.99,0
1429,7.99,0
2264,9.93,0
42,46.37,1
424,14.99,0
933,8.99,0
572,13.7,0
286,3.75,0
1492,26.65,0
1408,1.01,0
1391,7.99,0
177,88.99,2
696,1.67,0
1607,3.99,0
228,7.62,0
169,19.99,1
1868,5.27,0
334,2.27,0
101,12.99,0
789,7.99,0
643,0.99,0
1147,6.99,0
676,19.5,1
1874,3.09,0
554,29.22,0
1847,8.99,0
1288,9.55,0
1150,24.4,0
1268,6.29,0
160,18.21,1
27,14.99,1
246,3.97,0
320,27.46,1
1997,3.99,0
650,44.15,1
232,12.22,1
1884,5.38,0
1426,13.44,0
2129,5.99,0
177,43.99,1
543,7.99,0
298,49.1,1
1944,13.57,0
210,28.65,1
41,68.99,2
1279,20.99,0
569,46.99,1
140,3.09,0
528,33.53,1
206,33.09,1
737,20.99,0
1282,5.67,0
528,0.62,0
915,18.99,0
227,50.99,2
1826,13.48,0
1754,15.2,0
1898,2.45,0
631,14.99,1
961,23.99,0
114,85.89,2
24,5.35,0
1414,19.38,0
1704,11.61,0
1930,5.97,0
242,16.31,1
31,13.99,0
108,13.93,0
435,11.99,1
1520,9.32,0
444,12.61,1
1585,4.99,0
18,129.11,2
497,49.99,1
1995,27.99,0
2109,12.99,0
1034,14.38,0
417,4.99,0
162,19.58,1
2051,22.99,0
2114,6.06,0
703,9.99,1
1364,0.81,0
156,32.67,1
220,130.8,2
505,16.99,1
1490,10.4,0
1541,11.99,0
66,150.72,2
584,9.73,1
1732,24.95,0
1208,5.65,0
1634,5.8,0
1479,15.99,0
1300,20.91,0
971,9.99,0
2136,16.42,0
1968,4.35,0
193,40.99,1
964,1.61,0
668,33.17,1
2075,8.99,0
725,10.99,0
43,23.99,1
514,67.66,1
1893,18.99,0
580,4.13,0
439,38.99,1
133,5.99,0
1588,24.39,0
1666,8.78,0
536,3.26,0
913,14.99,0
753,7.99,0
1466,23.58,0
1222,6.99,0
582,11.86,0
658,30.66,0
405,7.99,1
647,29.99,1
1432,15.36,0
1241,1.99,0
402,4.95,0
104,43.35,2
165,13.99,0
1254,5.22,0
102,59.14,2
941,14.99,0
270,2.29,0
503,18.99,0
132,166.21,2
509,5.99,0
982,13.61,0
717,8.99,0
647,4.99,0
202,0.62,0
404,28.77,0
2167,15.99,0
641,9.99,1
1561,5.99,0
1460,4.59,0
1447,4.99,0
624,6.6,0
65,99.99,2
577,9.99,0
1453,7.99,0
58,2.95,1
589,20.99,1
1577,2.99,0
1218,3.32,0
819,3.99,0
51,84.99,2
692,3.74,0
1063,5.99,0
295,15.99,0
2090,11.46,0
1471,12.99,0
1963,9.99,0
119,31.99,1
248,10.75,1
919,18.99,0
1501,11.99,0
640,13.09,0
191,16.99,1
530,18.55,1
527,19.99,1
1606,17.4,0
151,41.99,1
268,8.37,1
1814,20.45,0
2042,6.59,0
221,90.99,2
1818,8.99,0
401,26.99,0
1790,15.11,0
111,114.99,2
1087,29.99,0
704,16.92,0
169,111.99,2
47,4.99,0
423,8.99,1
1226,9.97,0
857,6.99,0
533,11.99,1
39,57.99,2
1654,14.13,0
416,18.56,0
1737,26.99,0
1624,24.5,0
2177,34.99,0
625,16.99,0
7,7.99,0
1459,0.99,0
1295,10.99,0
786,7.53,0
322,51.6,1
1167,8.99,0
1362,11.3,0
1036,7.56,0
1612,13.54,0
63,124.99,2
467,8.99,1
233,43.99,1
478,14.84,0
621,17.99,1
612,0.88,0
112,6.62,1
55,7.99,1
1441,18.99,0
24,96.88,2
449,14.99,1
376,17.49,1
208,54.87,2
922,12.95,0
588,12.62,1
2220,2.41,0
706,3.41,0
429,1.99,0
241,8.99,0
655,9.99,0
40,8.03,0
747,6.99,0
655,5.99,1
827,17.99,0
207,50.99,2
1776,21.16,0
186,84.96,2
1865,15.99,0
176,58.54,1
1784,19.84,0
319,19.99,0
1928,9.96,0
468,17.89,0
738,18.73,1
1476,15.66,0
1248,7.49,0
1591,9.99,0
1072,14.82,0
525,2.99,0
131,6.99,1
659,21.99,0
110,62.25,2
80,28.66,1
1478,2.09,0
3,202.99,2
1675,23.99,0
1249,12.99,0
759,22.99,0
1633,24.99,0
2183,8.99,0
862,1.84,0
814,3.25,0
156,188.48,2
824,4.45,0
860,13.82,0
35,13.99,0
1285,4.99,0
454,14.23,0
230,5.63,0
634,11.92,0
1450,7.43,0
768,3.53,0
2241,10.99,0
1464,8.27,0
773,5.99,0
2033,14.99,0
1801,3.99,0
166,230.04,2
837,5.99,0
1716,2.19,0
149,5.99,1
1709,5.99,0
195,35.99,1
1855,1.99,0
75,23.99,1
1758,12.64,0
36,2.64,1
59,8.99,1
237,11.99,0
2144,1.25,0
381,15.99,1
535,4.99,0
1424,8.41,0
597,4.99,0
1066,9.44,0
549,2.99,0
529,17.99,1
2261,6.99,0
70,129.74,2
1677,10.99,0
15,12.99,0
354,5.71,0
180,5.55,1
554,43.09,1
2025,8.99,0
1657,14.99,0
1331,29.99,0
2112,22.08,0
116,46.31,2
167,10.99,1
616,2.35,0
1008,4.73,0
727,16.99,1
12,13.48,0
1263,22.99,0
86,132.36,2
2257,22.99,0
184,23.16,0
2070,2.41,0
2253,22.99,0
1233,21.99,0
1734,15.33,0
1653,0.99,0
83,2.99,0
1452,13.77,0
1922,3.94,0
1201,10.99,0
2121,24.99,0
2063,7.99,0
309,3.99,0
660,20.16,0
225,16.99,0
307,8.99,0
601,9.99,0
1599,16.99,0
158,22.17,1
217,1.99,0
1964,8.19,0
2012,3.69,0
204,91.82,2
874,11.85,0
2165,15.99,0
2240,3.67,0
1410,14.85,0
1650,20.18,0
812,3.77,0
1825,3.99,0
1302,2.92,0
57,130.99,2
42,120.61,2
1708,26.44,0
44,70.92,2
645,60.99,1
592,8.71,0
649,9.99,0
1237,24.99,0
574,33.2,1
2176,13.05,0
29,142.99,2
477,2.99,0
615,3.99,0
879,9.99,0
1420,11.53,0
60,37.64,0
750,23.74,0
1630,12.48,0
96,47.91,2
339,3.99,0
66,9.56,1
1097,11.99,0
1517,17.99,0
336,23.56,1
2195,26.99,0
240,9.22,1
1819,23.99,0
2023,14.99,0
458,6.75,0
104,37.12,1
412,16.65,1
1767,12.99,0
598,17.67,0
730,11.52,0
1926,10.99,0
157,19.99,0
1037,20.99,0
352,19.57,1
2113,12.99,0
1511,0.99,0
32,14.79,1
2022,7.73,0
509,9.99,1
89,14.99,0
428,7.01,0
2009,3.99,0
175,6.99,1
305,29.99,1
1296,5.83,0
695,26.99,1
1942,15.36,0
26,36.01,1
714,5.0,1
710,27.94,1
59,104.99,2
186,2.0,0
365,6.99,0
25,2.99,0
1597,33.99,0
1449,4.99,0
1935,0.99,0
658,7.72,1
392,26.17,0
163,35.99,1
1335,17.99,0
1369,30.99,0
2007,9.99,0
429,49.99,1
995,10.99,0
364,15.5,0
1663,5.99,0
2193,23.99,0
1686,17.64,0
672,5.76,0
37,1.99,0
910,15.92,0
1260,10.35,0
1983,4.99,0
923,3.99,0
1143,9.99,0
1863,10.99,0
1572,8.61,0
1831,6.99,0
532,12.71,0
1753,10.99,0
427,32.99,1
1049,12.99,0
20,13.53,0
848,1.73,0
369,23.99,1
1198,11.59,0
175,15.99,0
179,22.99,0
45,2.99,0
12,18.19,1
729,28.99,0
83,16.99,1
15,16.99,1
38,9.1,1
525,36.99,1
1383,12.99,0
386,5.73,1
1956,13.05,0
251,6.99,0
1991,23.99,0
1581,37.99,0
1901,10.99,0
563,5.99,1
16,63.92,1
2269,6.99,0
1495,22.99,0
211,37.99,1
2145,10.99,0
135,68.99,2
1683,2.99,0
1337,21.99,0
43,2.99,0
1146,20.42,0
1524,13.94,0
1396,9.57,0
2273,24.99,0
1032,21.6,0
200,115.75,2
1535,1.99,0
539,49.99,1
1029,7.99,0
937,10.99,0
1481,3.99,0
311,6.99,0
671,8.99,0
2178,9.22,0
367,8.99,0
299,22.99,0
10,17.95,0
1404,6.84,0
730,22.65,1
160,9.12,0
2041,15.99,0
580,21.09,1
426,9.02,0
97,160.99,2
391,8.99,0
436,11.76,1
818,19.27,0
185,11.99,0
2266,7.7,0
977,7.99,0
1305,21.99,0
1023,4.99,0
63,16.99,1
109,4.99,0
297,56.99,1
1817,20.99,0
1026,9.65,0
273,4.99,0
501,41.99,1
558,13.29,0
567,11.99,1
1498,2.48,0
1165,2.99,0
1156,12.79,0
1961,3.99,0
74,16.0,0
452,40.8,1
2027,21.99,0
255,16.99,0
839,9.99,0
1992,14.42,0
204,6.73,1
680,6.2,1
141,22.99,1
437,4.99,0
1276,23.17,0
1381,5.99,0
479,10.99,0
194,138.53,2
1579,3.99,0
1283,0.99,0
1994,4.98,0
447,20.99,0
1428,3.55,0
1914,21.44,0
1438,9.31,0
865,1.99,0
1425,12.99,0
561,30.99,1
123,2.99,1
301,27.99,1
1500,21.61,0
1041,1.99,0
1042,18.53,0
517,5.99,1
72,9.84,0
1552,0.98,0
788,10.97,0
2255,13.99,0
182,11.04,0
1312,22.71,0
1570,2.56,0
1035,3.99,0
949,10.99,0
1846,3.51,0
141,158.99,2
28,13.03,1
382,9.82,0
1651,0.99,0
402,34.52,1
68,2.94,0
338,6.98,0
1604,17.51,0
254,9.55,0
117,105.99,2
666,8.54,0
809,16.99,0
902,0.92,0
2111,12.99,0
1349,15.99,0
2296,16.95,0
928,18.27,0
78,3.94,1
349,32.99,1
30,233.54,2
434,16.97,0
966,23.95,0
605,24.99,0
2200,20.47,0
628,41.37,1
438,14.01,0
1861,10.99,0
610,12.46,0
348,16.15,1
486,7.77,1
1770,20.7,0
2089,12.99,0
2002,19.16,0
981,19.99,0
673,12.99,1
29,11.99,1
1584,11.85,0
846,5.03,0
892,3.42,0
596,11.12,1
122,70.0,2
1621,17.99,0
1598,10.98,0
20,36.6,1
1499,11.99,0
864,4.68,0
1153,5.99,0
223,16.99,1
198,138.32,2
2147,39.99,0
88,53.42,1
359,5.99,1
1253,12.99,0
1601,1.99,0
667,12.99,0
2243,8.99,0
1909,2.99,0
1614,4.03,0
103,20.99,1
669,15.99,1
30,20.85,1
437,26.99,1
1682,4.22,0
1386,13.16,0
157,26.99,1
1715,2.99,0
2187,7.99,0
171,73.99,1
1291,16.99,0
5,9.99,1
443,3.99,0
1152,10.7,0
1284,1.38,0
55,108.99,2
431,27.99,1
606,28.0,1
1477,1.99,0
1418,8.57,0
843,7.99,0
631,15.99,0
1697,13.99,0
1843,5.99,0
52,19.59,0
22,29.33,1
1877,9.99,0
296,24.67,1
687,7.99,1
581,20.99,1
1122,20.02,0
1791,11.99,0
583,16.99,1
49,72.99,2
1301,5.99,0
332,2.24,1
332,4.08,0
1779,17.99,0
375,8.99,0
75,4.99,0
48,19.25,0
145,24.99,1
1823,3.99,0
488,12.19,1
199,8.99,0
2125,1.99,0
1103,12.99,0
1235,1.99,0
1575,4.99,0
2000,4.84,0
385,9.99,0
719,4.99,0
1769,6.99,0
1625,5.99,0
744,8.73,0
17,103.99,2
6,101.51,2
1092,22.02,0
1927,16.99,0
1513,8.99,0
1275,3.99,0
699,7.99,1
611,12.99,0
767,14.99,0
265,16.99,0
2116,13.14,0
483,23.99,0
1750,7.42,0
1981,5.99,0
498,23.37,1
560,4.53,0
1191,0.99,0
2301,4.99,0
1919,6.99,0
599,12.99,1
526,8.77,1
2132,4.07,0
424,4.91,1
111,42.99,1
50,150.69,2
1033,7.99,0
921,4.99,0
364,10.3,1
257,15.99,0
404,9.85,1
313,6.99,0
795,8.99,0
129,127.99,2
672,39.36,1
1829,4.99,0
115,50.99,2
1289,12.99,0
135,7.99,1
1610,21.05,0
1838,6.75,0
70,9.57,0
1220,12.98,0
138,84.02,2
472,30.91,0
566,16.95,1
150,18.77,0
657,53.99,1
198,5.84,1
2174,4.0,0
1699,17.99,0
37,31.99,1
734,11.16,0
701,26.99,1
576,15.98,0
303,8.99,0
1130,12.89,0
323,4.99,0
2072,4.62,0
69,25.99,0
443,59.99,1
357,5.99,1
518,12.1,0
232,1.23,0
2093,9.99,0
2085,11.99,0
116,12.71,0
161,113.99,2
209,8.99,1
484,8.28,1
472,9.18,1
645,2.99,0
319,43.99,1
80,120.68,2
54,18.88,1
375,3.99,1
184,49.61,2
1125,12.99,0
278,19.18,1
114,19.15,0
170,115.93,2
732,8.02,0
45,26.99,1
736,10.29,1
734,24.28,1
5,22.99,0
2055,20.99,0
2135,4.99,0
2100,6.66,0
105,125.99,2
608,72.75,1
1830,19.43,0
275,18.99,0
661,17.99,0
620,47.3,1
73,2.99,0
142,19.85,0
441,6.99,0
2018,4.69,0
1674,22.63,0
755,3.99,0
1045,5.99,0
28,103.5,2
274,24.4,1
534,13.43,1
77,145.99,2
394,2.14,0
465,8.99,1
2203,3.99,0
1556,18.91,0
1748,16.8,0
637,32.99,1
448,2.64,0
1527,7.99,0
712,23.37,0
1224,14.56,0
1553,13.99,0
143,78.99,2
550,15.54,1
22,109.38,2
574,14.34,0
235,195.99,2
1413,2.99,0
732,3.28,1
1245,5.99,0
181,57.99,2
570,18.49,1
271,16.99,1
590,31.82,1
541,1.99,0
107,11.99,0
203,5.99,0
591,1.99,0
355,35.99,1
68,88.29,2
1442,4.89,0
227,15.99,0
1357,15.99,0
578,37.44,1
63,6.99,0
1760,9.09,0
1714,16.74,0
1038,9.74,0
1587,14.99,0
692,13.04,1
2095,12.99,0
210,132.52,2
1554,1.98,0
544,29.54,1
623,3.99,0
654,10.57,0
1359,25.99,0
306,34.18,1
367,13.99,1
2294,20.58,0
1355,18.99,0
159,12.99,0
2286,6.1,0
1850,13.95,0
510,23.66,0
886,21.82,0
2015,2.99,0
2010,29.6,0
2279,9.99,0
392,18.11,1
1099,10.99,0
2214,2.08,0
893,10.99,0
709,6.99,0
240,6.03,0
540,8.65,0
262,26.25,1
217,102.99,2
720,10.86,1
58,96.69,2
214,44.7,1
1711,2.99,0
2191,6.99,0
2303,11.99,0
462,16.66,1
99,6.99,0
208,14.99,1
1892,12.56,0
622,19.96,0
2142,2.65,0
259,1.99,0
1375,7.99,0
1931,4.99,0
320,15.09,0
856,10.16,0
682,6.49,1
183,2.99,0
1745,4.99,0
962,5.27,0
291,9.99,1
557,9.99,0
382,61.52,1
522,22.41,1
327,38.99,1
22,23.2,0
761,4.99,0
1592,25.23,0
377,38.99,1
162,102.82,2
1502,8.13,0
474,1.54,0
67,54.99,1
1879,3.99,0
1736,3.83,0
121,49.99,1
358,17.24,1
1973,3.99,0
484,3.47,0
1547,8.99,0
1346,21.62,0
1860,4.89,0
98,149.74,2
155,49.99,1
71,16.99,0
1133,19.99,0
200,54.73,1
373,31.99,1
2005,7.99,0
67,32.99,2
2308,20.28,0
215,33.99,1
2207,7.99,0
33,30.99,2
1946,5.07,0
345,32.99,1
2099,7.99,0
4,25.33,0
1519,5.99,0
646,29.42,0
925,16.99,0
723,5.99,0
480,24.61,0
1171,0.99,0
2102,7.06,0
572,19.95,1
1742,10.12,0
1752,5.99,0
1558,11.19,0
534,2.84,0
469,4.99,0
459,15.99,1
552,56.07,1
670,12.59,0
1390,19.37,0
782,11.84,0
105,10.99,1
1482,8.32,0
158,16.54,0
449,17.99,0
1723,8.99,0
163,68.99,2
388,16.7,1
14,13.28,1
1395,3.99,0
281,21.99,0
738,4.08,0
119,2.99,0
597,29.99,1
792,8.1,0
567,5.99,0
565,1.99,0
699,18.99,0
1445,9.99,0
196,103.92,2
535,13.99,1
602,39.07,1
2034,9.64,0
473,7.99,0
1673,6.99,0
330,6.41,1
494,49.16,1
379,9.99,0
2040,20.65,0
282,1.57,0
130,142.58,2
1781,5.99,0
1569,15.99,0
1185,5.99,0
88,77.63,2
1986,25.89,0
70,36.09,1
1534,4.62,0
80,5.55,0
1957,17.99,0
1308,16.56,0
713,33.99,1
11,201.99,2
32,2.14,0
279,16.99,0
357,4.99,0
455,12.99,0
1096,10.99,0
626,47.35,1
346,6.1,0
1139,3.99,0
33,30.99,1
238,1.67,0
1967,12.99,0
1586,12.71,0
1856,9.57,0
1929,6.99,0
665,6.99,0
805,10.99,0
1970,27.42,0
681,5.99,0
164,15.57,0
576,17.2,1
142,105.24,2
758,4.0,0
1755,8.99,0
106,7.21,1
99,84.99,2
182,7.71,1
553,13.99,0
1294,3.28,0
315,7.99,0
288,19.04,0
1867,23.99,0
389,24.99,1
238,93.92,2
1326,14.74,0
531,6.99,1
110,54.9,1
53,3.99,0
1718,9.67,0
1820,22.3,0
1773,10.99,0
662,7.54,0
297,14.99,0
756,2.41,0
1018,11.06,0
1350,14.45,0
1749,34.99,0
428,39.23,1
2248,19.58,0
2049,5.99,0
957,2.99,0
466,15.81,1
659,8.99,1
1352,4.5,0
216,23.19,0
269,47.99,1
1690,13.18,0
720,6.8,0
8,15.08,0
650,18.7,0
1835,8.99,0
276,56.97,1
1952,3.95,0
522,2.54,0
233,10.99,0
1761,7.99,0
415,10.99,0
95,21.99,1
101,9.99,1
2209,8.99,0
1487,4.99,0
2088,30.0,0
266,18.96,0
383,28.99,1
894,3.03,0
2065,7.99,0
538,4.91,0
871,16.99,0
413,17.99,1
518,6.52,1
238,2.0,1
475,20.99,1
58,9.49,0
51,4.99,0
908,15.15,0
442,4.4,0
1454,7.41,0
460,1.25,0
171,18.99,0
1095,6.99,0
685,12.99,0
673,5.99,0
1297,18.99,0
1324,3.93,0
236,14.04,1
51,45.99,1
325,15.99,0
1116,2.97,0
2232,8.94,0
2081,24.99,0
903,3.99,0
1061,19.99,0
1463,21.99,0
940,21.22,0
101,63.99,2
34,6.91,0
543,51.99,1
651,18.99,1
123,147.99,2
272,4.55,1
1644,4.77,0
1439,22.99,0
1937,11.99,0
1989,3.99,0
2001,7.99,0
387,9.99,1
331,55.99,1
1314,20.63,0
607,14.99,0
23,115.99,2
146,17.14,0
802,11.22,0
140,38.56,1
1920,25.16,0
